nome,email,cpf,rg
AA1,AA1@teste.com.br,44831098043,3633371950
AA2,AA2@teste.com.br,26695376263,4258471789
AA3,AA3@teste.com.br,89733523267,4286176275
AA4,AA4@teste.com.br,14145741773,3336965040
AA5,AA5@teste.com.br,15435059615,4115038155
AA6,AA6@teste.com.br,16705057823,4062626864
AA7,AA7@teste.com.br,87558406552,4043352677
AA8,AA8@teste.com.br,60046216685,4031025817
AA9,AA9@teste.com.br,40325993190,3815287328
AA10,AA10@teste.com.br,43866677502,3518063439
AA11,AA11@teste.com.br,75200088607,3385583743
AA12,AA12@teste.com.br,70953487822,3894877581
AA13,AA13@teste.com.br,49203126953,3868008135
AA14,AA14@teste.com.br,65145761848,3550465435
AA15,AA15@teste.com.br,65453227966,4119820124
AA16,AA16@teste.com.br,57864601340,4328991977
AA17,AA17@teste.com.br,00915766019,3716708246
AA18,AA18@teste.com.br,96717739231,3628424591
AA19,AA19@teste.com.br,71434134539,3480411247
AA20,AA20@teste.com.br,12481739027,4246268519
AA21,AA21@teste.com.br,87779903400,4359938632
AA22,AA22@teste.com.br,28881053225,3579895052
AA23,AA23@teste.com.br,70348845952,3583040314
AA24,AA24@teste.com.br,20669534153,3359618692
AA25,AA25@teste.com.br,64943935435,3964126466
AA26,AA26@teste.com.br,05606748304,3627000100
AA27,AA27@teste.com.br,67343409026,4005833387
AA28,AA28@teste.com.br,58702754312,3627289712
AA29,AA29@teste.com.br,44087820688,3993054868
AA30,AA30@teste.com.br,73744871690,3358177824
AA31,AA31@teste.com.br,77136715369,3855827602
AA32,AA32@teste.com.br,87772549105,4190865697
AA33,AA33@teste.com.br,91017269009,4341611411
AA34,AA34@teste.com.br,03975549823,4417405714
AA35,AA35@teste.com.br,26100808323,4057587524
AA36,AA36@teste.com.br,78392204522,4085458152
AA37,AA37@teste.com.br,39198532375,3904627032
AA38,AA38@teste.com.br,20115020551,3662154569
AA39,AA39@teste.com.br,90406314330,4238213126
AA40,AA40@teste.com.br,90780313100,3953909758
AA41,AA41@teste.com.br,11797434667,3845054394
AA42,AA42@teste.com.br,56984580730,3557827709
AA43,AA43@teste.com.br,10784938806,3661904110
AA44,AA44@teste.com.br,32365202055,4246980302
AA45,AA45@teste.com.br,60933417128,3955312302
AA46,AA46@teste.com.br,35867266273,3894346409
AA47,AA47@teste.com.br,68364179047,3404281356
AA48,AA48@teste.com.br,71806852080,3693727436
AA49,AA49@teste.com.br,81571620338,3601257562
AA50,AA50@teste.com.br,14699752977,3333947121
AA51,AA51@teste.com.br,01639606742,4086690340
AA52,AA52@teste.com.br,64556156629,4145968749
AA53,AA53@teste.com.br,70530800055,3361425381
AA54,AA54@teste.com.br,89165441303,4355674937
AA55,AA55@teste.com.br,47014706608,4153160510
AA56,AA56@teste.com.br,81925973263,3497863147
AA57,AA57@teste.com.br,19370572597,4313647688
AA58,AA58@teste.com.br,91008940798,3660585107
AA59,AA59@teste.com.br,87469141618,4170815986
AA60,AA60@teste.com.br,11353751945,3385056379
AA61,AA61@teste.com.br,63364265569,3807422891
AA62,AA62@teste.com.br,36715087016,4173776323
AA63,AA63@teste.com.br,64469208221,3432787971
AA64,AA64@teste.com.br,11272203492,3595553540
AA65,AA65@teste.com.br,79661164843,3950884763
AA66,AA66@teste.com.br,05195749906,4011193307
AA67,AA67@teste.com.br,57733595290,3637090811
AA68,AA68@teste.com.br,97523166547,4117654207
AA69,AA69@teste.com.br,78299963001,4326848219
AA70,AA70@teste.com.br,78793558473,4371258416
AA71,AA71@teste.com.br,92454188988,3835222611
AA72,AA72@teste.com.br,20850182891,3531521242
AA73,AA73@teste.com.br,49832828589,3514298844
AA74,AA74@teste.com.br,57428250994,3435493399
AA75,AA75@teste.com.br,94048813846,3466691556
AA76,AA76@teste.com.br,06055533430,3804995367
AA77,AA77@teste.com.br,82574393635,4011969882
AA78,AA78@teste.com.br,30942922751,3511160065
AA79,AA79@teste.com.br,08247719827,4215296013
AA80,AA80@teste.com.br,52460426348,3858932301
AA81,AA81@teste.com.br,28279089136,4012499830
AA82,AA82@teste.com.br,40447105205,3667129731
AA83,AA83@teste.com.br,91928902375,4333383186
AA84,AA84@teste.com.br,78687175213,3902191246
AA85,AA85@teste.com.br,16982391906,3365777485
AA86,AA86@teste.com.br,45164104008,4207569492
AA87,AA87@teste.com.br,23124541731,4168020777
AA88,AA88@teste.com.br,71778367216,3655320392
AA89,AA89@teste.com.br,81045553832,3519697379
AA90,AA90@teste.com.br,11789870518,4087957132
AA91,AA91@teste.com.br,00488027519,4265187001
AA92,AA92@teste.com.br,58662882730,4298687010
AA93,AA93@teste.com.br,63843907790,3925927130
AA94,AA94@teste.com.br,87544945243,3534648184
AA95,AA95@teste.com.br,43782581881,4418574621
AA96,AA96@teste.com.br,10895057875,3489243193
AA97,AA97@teste.com.br,72296989870,3446050706
AA98,AA98@teste.com.br,62780354216,4352603735
AA99,AA99@teste.com.br,90634753908,3698476778
AA100,AA100@teste.com.br,68916544084,4113002835
AA101,AA101@teste.com.br,22745310054,3344585585
AA102,AA102@teste.com.br,58624817617,3892931428
AA103,AA103@teste.com.br,11052819303,4427346468
AA104,AA104@teste.com.br,82628029693,3779350610
AA105,AA105@teste.com.br,42605783677,4290049349
AA106,AA106@teste.com.br,70107660377,3930855362
AA107,AA107@teste.com.br,55911991276,3705470750
AA108,AA108@teste.com.br,23888337011,4007513327
AA109,AA109@teste.com.br,78958536861,3857354681
AA110,AA110@teste.com.br,77955362802,3673090560
AA111,AA111@teste.com.br,96986133405,4247117899
AA112,AA112@teste.com.br,55602055673,3714667162
AA113,AA113@teste.com.br,41598638840,4066724639
AA114,AA114@teste.com.br,10251761118,3563100956
AA115,AA115@teste.com.br,69641881345,3408060616
AA116,AA116@teste.com.br,77221125872,3930543859
AA117,AA117@teste.com.br,00346063949,3605294724
AA118,AA118@teste.com.br,45701107892,4077196024
AA119,AA119@teste.com.br,05782415363,4407905999
AA120,AA120@teste.com.br,32922405737,4284731002
AA121,AA121@teste.com.br,82967761206,3426401646
AA122,AA122@teste.com.br,52621709940,4307011785
AA123,AA123@teste.com.br,90029011434,3694419169
AA124,AA124@teste.com.br,27534051401,3395112766
AA125,AA125@teste.com.br,73850667634,3807639827
AA126,AA126@teste.com.br,83999157933,4020022200
AA127,AA127@teste.com.br,55937826361,3636355665
AA128,AA128@teste.com.br,57857395005,4333531018
AA129,AA129@teste.com.br,16460981108,3936242831
AA130,AA130@teste.com.br,86473127240,3962863718
AA131,AA131@teste.com.br,30832157384,3616209880
AA132,AA132@teste.com.br,26021910192,3463943198
AA133,AA133@teste.com.br,67638007972,3401354431
AA134,AA134@teste.com.br,42852291533,3906776265
AA135,AA135@teste.com.br,11312644443,4209240506
AA136,AA136@teste.com.br,89478017632,3894625745
AA137,AA137@teste.com.br,58922212969,3626920273
AA138,AA138@teste.com.br,85221873478,4275306132
AA139,AA139@teste.com.br,17465024870,4223169896
AA140,AA140@teste.com.br,75680578107,3515583734
AA141,AA141@teste.com.br,59620137353,3657968235
AA142,AA142@teste.com.br,55823773285,4129866395
AA143,AA143@teste.com.br,97629061790,3852075788
AA144,AA144@teste.com.br,14882859858,3563772677
AA145,AA145@teste.com.br,17260578874,4084722490
AA146,AA146@teste.com.br,90872895882,3966271009
AA147,AA147@teste.com.br,21762863677,4277013117
AA148,AA148@teste.com.br,57853229275,3473786063
AA149,AA149@teste.com.br,08510855803,4298488022
AA150,AA150@teste.com.br,15744609512,4183568740
AA151,AA151@teste.com.br,02150063050,3869322336
AA152,AA152@teste.com.br,54300680124,4334961685
AA153,AA153@teste.com.br,66755208655,3896838953
AA154,AA154@teste.com.br,75727971640,3990557278
AA155,AA155@teste.com.br,43303176647,3695979109
AA156,AA156@teste.com.br,45590099960,4298994489
AA157,AA157@teste.com.br,92749402891,3856608509
AA158,AA158@teste.com.br,40556717686,3538844856
AA159,AA159@teste.com.br,52930855576,3809765955
AA160,AA160@teste.com.br,83525462794,4042547034
AA161,AA161@teste.com.br,85963335507,3893681375
AA162,AA162@teste.com.br,41717330908,4008736434
AA163,AA163@teste.com.br,09408239504,3507239043
AA164,AA164@teste.com.br,94465199180,3600432516
AA165,AA165@teste.com.br,79575805216,4402661986
AA166,AA166@teste.com.br,82582370800,4379759441
AA167,AA167@teste.com.br,12961364507,3594669402
AA168,AA168@teste.com.br,63280540763,3428597808
AA169,AA169@teste.com.br,59997829379,3366270307
AA170,AA170@teste.com.br,91618378570,3674421520
AA171,AA171@teste.com.br,59909249090,4374346544
AA172,AA172@teste.com.br,12534091298,3391661858
AA173,AA173@teste.com.br,55230800712,4307211560
AA174,AA174@teste.com.br,95196017402,3833110452
AA175,AA175@teste.com.br,80309113512,3464437880
AA176,AA176@teste.com.br,07478461034,4230472970
AA177,AA177@teste.com.br,29209758030,4173500626
AA178,AA178@teste.com.br,45672392105,4062849633
AA179,AA179@teste.com.br,46932635160,4140046384
AA180,AA180@teste.com.br,14717270177,3484282224
AA181,AA181@teste.com.br,99662342419,3685292348
AA182,AA182@teste.com.br,40660490528,3884064269
AA183,AA183@teste.com.br,21773130072,3482434600
AA184,AA184@teste.com.br,83298571156,3671319065
AA185,AA185@teste.com.br,95729887272,3476593124
AA186,AA186@teste.com.br,27823434750,3563088352
AA187,AA187@teste.com.br,29968902489,3909518501
AA188,AA188@teste.com.br,59244445620,3728586396
AA189,AA189@teste.com.br,21882586905,3805478555
AA190,AA190@teste.com.br,57359442583,4395796811
AA191,AA191@teste.com.br,05613871256,3835819672
AA192,AA192@teste.com.br,02912348790,3751778667
AA193,AA193@teste.com.br,36333559369,4209125518
AA194,AA194@teste.com.br,13268815154,4336964461
AA195,AA195@teste.com.br,87906338146,4081517896
AA196,AA196@teste.com.br,37272653370,3790855930
AA197,AA197@teste.com.br,39255543350,4022510699
AA198,AA198@teste.com.br,26147567500,4402660317
AA199,AA199@teste.com.br,38117492857,4249422344
AA200,AA200@teste.com.br,93463596687,3650872060
AA201,AA201@teste.com.br,10152330585,3489050588
AA202,AA202@teste.com.br,88276907946,4152014952
AA203,AA203@teste.com.br,21646015134,3368210921
AA204,AA204@teste.com.br,31965421571,4103040312
AA205,AA205@teste.com.br,48008172347,3946888479
AA206,AA206@teste.com.br,97017348311,3521047412
AA207,AA207@teste.com.br,25375641208,3887073812
AA208,AA208@teste.com.br,35533555498,3517550623
AA209,AA209@teste.com.br,70759583480,4267610857
AA210,AA210@teste.com.br,78207697857,4444408245
AA211,AA211@teste.com.br,70641744722,3344368096
AA212,AA212@teste.com.br,32817257405,3668473686
AA213,AA213@teste.com.br,06783790258,4379888270
AA214,AA214@teste.com.br,58414686346,3946102272
AA215,AA215@teste.com.br,20131363158,4062073802
AA216,AA216@teste.com.br,58476036906,4090106544
AA217,AA217@teste.com.br,69819713137,3582605988
AA218,AA218@teste.com.br,01822149746,3661450363
AA219,AA219@teste.com.br,25344310056,3695277884
AA220,AA220@teste.com.br,48419059609,3856685064
AA221,AA221@teste.com.br,77315436332,3339521626
AA222,AA222@teste.com.br,24957207062,3703546002
AA223,AA223@teste.com.br,38419387010,3665201347
AA224,AA224@teste.com.br,91751551768,4195684346
AA225,AA225@teste.com.br,18141888277,3824276041
AA226,AA226@teste.com.br,48595697922,4320305823
AA227,AA227@teste.com.br,04549788550,3782487984
AA228,AA228@teste.com.br,38494443259,4004982486
AA229,AA229@teste.com.br,40386050783,4045048973
AA230,AA230@teste.com.br,52966187859,3711316741
AA231,AA231@teste.com.br,19800132171,3921675378
AA232,AA232@teste.com.br,98386152770,3365000881
AA233,AA233@teste.com.br,63708742303,4222651020
AA234,AA234@teste.com.br,46043587700,3818787334
AA235,AA235@teste.com.br,97726122757,4312497583
AA236,AA236@teste.com.br,87636119021,4026823379
AA237,AA237@teste.com.br,12135774030,4158555338
AA238,AA238@teste.com.br,78461232380,4141226377
AA239,AA239@teste.com.br,27154877626,4409806029
AA240,AA240@teste.com.br,06709764150,4153108513
AA241,AA241@teste.com.br,00192311727,3930130760
AA242,AA242@teste.com.br,88926531562,3797794411
AA243,AA243@teste.com.br,68559848940,4390971364
AA244,AA244@teste.com.br,08083878804,3453949019
AA245,AA245@teste.com.br,00941619338,3468913397
AA246,AA246@teste.com.br,15061011350,3575205422
AA247,AA247@teste.com.br,96356266813,3998150122
AA248,AA248@teste.com.br,39381215642,3459354190
AA249,AA249@teste.com.br,03083062443,4101980902
AA250,AA250@teste.com.br,30168844885,3345525734
AA251,AA251@teste.com.br,70677160470,3996376694
AA252,AA252@teste.com.br,86396435551,4221123556
AA253,AA253@teste.com.br,95111772065,3359036230
AA254,AA254@teste.com.br,66273682852,3463235190
AA255,AA255@teste.com.br,04411908204,4052750872
AA256,AA256@teste.com.br,50490280358,3531762082
AA257,AA257@teste.com.br,53378466391,3850871284
AA258,AA258@teste.com.br,78264539920,4361699780
AA259,AA259@teste.com.br,48206400540,4020504189
AA260,AA260@teste.com.br,66484055386,3896228804
AA261,AA261@teste.com.br,54368263693,3658399154
AA262,AA262@teste.com.br,39123814535,4378440719
AA263,AA263@teste.com.br,73063816280,4307872848
AA264,AA264@teste.com.br,18641099476,4289868203
AA265,AA265@teste.com.br,09703088090,4175826186
AA266,AA266@teste.com.br,88343816293,4230796498
AA267,AA267@teste.com.br,72940650390,4392728174
AA268,AA268@teste.com.br,67024327120,3950558991
AA269,AA269@teste.com.br,44012365991,3704751072
AA270,AA270@teste.com.br,47722015050,3390388831
AA271,AA271@teste.com.br,38224036286,3435419885
AA272,AA272@teste.com.br,16792913359,4351824491
AA273,AA273@teste.com.br,70739357409,4136505966
AA274,AA274@teste.com.br,37338375097,4185810935
AA275,AA275@teste.com.br,69417517465,4207439819
AA276,AA276@teste.com.br,04980069720,4098832895
AA277,AA277@teste.com.br,89870827683,3651295387
AA278,AA278@teste.com.br,65506280750,3368576134
AA279,AA279@teste.com.br,07685851121,3539683783
AA280,AA280@teste.com.br,84872123018,4367050193
AA281,AA281@teste.com.br,76967030728,4011887908
AA282,AA282@teste.com.br,91502586215,4019019070
AA283,AA283@teste.com.br,24891899646,3633182631
AA284,AA284@teste.com.br,57717603314,3384396016
AA285,AA285@teste.com.br,81709060913,3758125635
AA286,AA286@teste.com.br,11803006021,4193430446
AA287,AA287@teste.com.br,71577797221,4217142179
AA288,AA288@teste.com.br,89356435138,3759974423
AA289,AA289@teste.com.br,95787243145,4030098687
AA290,AA290@teste.com.br,84524127623,3945654170
AA291,AA291@teste.com.br,23651475930,3532606519
AA292,AA292@teste.com.br,35791438915,3615655508
AA293,AA293@teste.com.br,57766835487,4196094447
AA294,AA294@teste.com.br,80693137061,4124538927
AA295,AA295@teste.com.br,64740695030,3765444752
AA296,AA296@teste.com.br,31912364140,3509723994
AA297,AA297@teste.com.br,63932715403,4020893127
AA298,AA298@teste.com.br,27823412519,4264271161
AA299,AA299@teste.com.br,11735484326,4164032991
AA300,AA300@teste.com.br,96149582434,4068140404
AA301,AA301@teste.com.br,71530388090,4425922188
AA302,AA302@teste.com.br,09600107009,3905982139
AA303,AA303@teste.com.br,49417207687,3519668897
AA304,AA304@teste.com.br,59510672947,3856046616
AA305,AA305@teste.com.br,76634663653,4371770229
AA306,AA306@teste.com.br,98735141557,4191779180
AA307,AA307@teste.com.br,64012330101,3437296060
AA308,AA308@teste.com.br,15790951430,4094516924
AA309,AA309@teste.com.br,20471069744,3886850268
AA310,AA310@teste.com.br,65923594390,3475867107
AA311,AA311@teste.com.br,92025351240,3531690861
AA312,AA312@teste.com.br,74369292166,3633255387
AA313,AA313@teste.com.br,85452849424,3698052389
AA314,AA314@teste.com.br,32060203015,3523046492
AA315,AA315@teste.com.br,36480111206,3990425986
AA316,AA316@teste.com.br,24801358535,3498771332
AA317,AA317@teste.com.br,66979653040,4014182518
AA318,AA318@teste.com.br,29887538221,3881597239
AA319,AA319@teste.com.br,19712022072,3401744522
AA320,AA320@teste.com.br,08914620239,4206110734
AA321,AA321@teste.com.br,97006581800,3629302025
AA322,AA322@teste.com.br,03141195315,3583017566
AA323,AA323@teste.com.br,08189396803,3892505635
AA324,AA324@teste.com.br,82003630660,3823674251
AA325,AA325@teste.com.br,36137757510,4151219789
AA326,AA326@teste.com.br,74205662084,3564591806
AA327,AA327@teste.com.br,10914769340,4292096005
AA328,AA328@teste.com.br,12964915440,3827341319
AA329,AA329@teste.com.br,48758663568,4223047484
AA330,AA330@teste.com.br,75144775608,3434979658
AA331,AA331@teste.com.br,10420299890,3392391264
AA332,AA332@teste.com.br,09672140509,3618288808
AA333,AA333@teste.com.br,74311475705,3488089018
AA334,AA334@teste.com.br,07967350502,3404591742
AA335,AA335@teste.com.br,71785976150,3535436151
AA336,AA336@teste.com.br,42104908140,4066975131
AA337,AA337@teste.com.br,64528289407,3471879021
AA338,AA338@teste.com.br,69493938069,3637171943
AA339,AA339@teste.com.br,40333055306,3902273640
AA340,AA340@teste.com.br,50612415252,3764010241
AA341,AA341@teste.com.br,95185330910,3463055318
AA342,AA342@teste.com.br,03124569300,3670620198
AA343,AA343@teste.com.br,07424563408,3365038380
AA344,AA344@teste.com.br,28236493601,3976495542
AA345,AA345@teste.com.br,91701035260,3961027965
AA346,AA346@teste.com.br,49194791236,3728912355
AA347,AA347@teste.com.br,39462319006,3351059704
AA348,AA348@teste.com.br,96187222520,3347475546
AA349,AA349@teste.com.br,08989477409,4405649212
AA350,AA350@teste.com.br,32624867104,3552518902
AA351,AA351@teste.com.br,09411425070,3748890703
AA352,AA352@teste.com.br,54754684192,3851708908
AA353,AA353@teste.com.br,33141561702,4244875056
AA354,AA354@teste.com.br,21623609348,3684474565
AA355,AA355@teste.com.br,33811871048,4288813238
AA356,AA356@teste.com.br,46613703842,3480296172
AA357,AA357@teste.com.br,83331609137,4212568059
AA358,AA358@teste.com.br,79967881380,4160140115
AA359,AA359@teste.com.br,96147948288,3934148638
AA360,AA360@teste.com.br,94919935773,3814030385
AA361,AA361@teste.com.br,40327550600,3711040443
AA362,AA362@teste.com.br,99241364033,4287605610
AA363,AA363@teste.com.br,53391879262,4034812140
AA364,AA364@teste.com.br,66661570105,4304904719
AA365,AA365@teste.com.br,98746775978,3446126850
AA366,AA366@teste.com.br,02050132956,3459968205
AA367,AA367@teste.com.br,97805291527,4178745622
AA368,AA368@teste.com.br,83419997736,3483216523
AA369,AA369@teste.com.br,05704578071,4415350521
AA370,AA370@teste.com.br,79973382331,3631518856
AA371,AA371@teste.com.br,94927185885,3844683395
AA372,AA372@teste.com.br,90170367290,4396029716
AA373,AA373@teste.com.br,53725944709,3937663502
AA374,AA374@teste.com.br,62056508435,3504431304
AA375,AA375@teste.com.br,93536533809,4150863150
AA376,AA376@teste.com.br,79091024100,3481040723
AA377,AA377@teste.com.br,02034448251,3722411814
AA378,AA378@teste.com.br,15448766536,4066025564
AA379,AA379@teste.com.br,76457910394,4155552194
AA380,AA380@teste.com.br,43638281370,3598813927
AA381,AA381@teste.com.br,06799045654,4202601561
AA382,AA382@teste.com.br,72577280971,4329678523
AA383,AA383@teste.com.br,04496617170,3834444571
AA384,AA384@teste.com.br,87387699992,3496475117
AA385,AA385@teste.com.br,58077156088,3392702868
AA386,AA386@teste.com.br,45219072617,3854085493
AA387,AA387@teste.com.br,55548767224,3634810795
AA388,AA388@teste.com.br,45974009070,4283207059
AA389,AA389@teste.com.br,05721082909,3514627258
AA390,AA390@teste.com.br,54714666240,3912957798
AA391,AA391@teste.com.br,73132595063,3401580180
AA392,AA392@teste.com.br,43753718548,4034058117
AA393,AA393@teste.com.br,08256999403,3379615457
AA394,AA394@teste.com.br,92741721840,4324667490
AA395,AA395@teste.com.br,33582348008,4311044270
AA396,AA396@teste.com.br,83259162062,3628689319
AA397,AA397@teste.com.br,05399741296,4032259685
AA398,AA398@teste.com.br,62603963252,4125531010
AA399,AA399@teste.com.br,29746273744,3364895060
AA400,AA400@teste.com.br,77471485000,4083778499
AA401,AA401@teste.com.br,77435928712,4132728479
AA402,AA402@teste.com.br,99153439066,4002342293
AA403,AA403@teste.com.br,81159703280,4014242776
AA404,AA404@teste.com.br,18491186123,3424246687
AA405,AA405@teste.com.br,83879611408,3530456322
AA406,AA406@teste.com.br,95347728442,3557646674
AA407,AA407@teste.com.br,06767788791,4255774504
AA408,AA408@teste.com.br,92784903770,3521879810
AA409,AA409@teste.com.br,71504470826,3778285330
AA410,AA410@teste.com.br,96051721436,3497288945
AA411,AA411@teste.com.br,95688044985,4035302042
AA412,AA412@teste.com.br,61982693703,4217312595
AA413,AA413@teste.com.br,21702932303,3495474979
AA414,AA414@teste.com.br,32904357769,3440104962
AA415,AA415@teste.com.br,03813479820,3992730733
AA416,AA416@teste.com.br,32148604880,3767729924
AA417,AA417@teste.com.br,90861048199,3631285274
AA418,AA418@teste.com.br,22155913311,4399547744
AA419,AA419@teste.com.br,15845209145,3883738327
AA420,AA420@teste.com.br,15069011316,4112973708
AA421,AA421@teste.com.br,89159408570,4255884242
AA422,AA422@teste.com.br,48507452884,3490508511
AA423,AA423@teste.com.br,63482770620,3761616508
AA424,AA424@teste.com.br,29792707689,4417090876
AA425,AA425@teste.com.br,06860252103,3579397710
AA426,AA426@teste.com.br,24908210675,3704988492
AA427,AA427@teste.com.br,08263362300,4377261813
AA428,AA428@teste.com.br,33985773009,4354642822
AA429,AA429@teste.com.br,47888260039,4397513931
AA430,AA430@teste.com.br,27261913472,3442941232
AA431,AA431@teste.com.br,76070136365,4155369467
AA432,AA432@teste.com.br,53778295497,4066575366
AA433,AA433@teste.com.br,77692719160,3818519561
AA434,AA434@teste.com.br,51687503206,3985583143
AA435,AA435@teste.com.br,34091134440,4010742936
AA436,AA436@teste.com.br,02056280361,4146362480
AA437,AA437@teste.com.br,45288853797,4080724089
AA438,AA438@teste.com.br,24465963203,4201161686
AA439,AA439@teste.com.br,00842387714,4345403923
AA440,AA440@teste.com.br,22468114221,4171775795
AA441,AA441@teste.com.br,50090993900,4359165226
AA442,AA442@teste.com.br,64828995870,3943910381
AA443,AA443@teste.com.br,53618047541,4291921836
AA444,AA444@teste.com.br,10676918808,3620186281
AA445,AA445@teste.com.br,84420164220,4211066416
AA446,AA446@teste.com.br,89567889104,3611629213
AA447,AA447@teste.com.br,40113003811,3352089909
AA448,AA448@teste.com.br,82354963130,4092616080
AA449,AA449@teste.com.br,21497130042,3805240045
AA450,AA450@teste.com.br,69163221950,3676491591
AA451,AA451@teste.com.br,30324409397,3784048110
AA452,AA452@teste.com.br,78345630251,3580810872
AA453,AA453@teste.com.br,52629262820,4356412414
AA454,AA454@teste.com.br,69134414010,3520918705
AA455,AA455@teste.com.br,37963731005,3932323521
AA456,AA456@teste.com.br,92383809535,3657477547
AA457,AA457@teste.com.br,95259415744,4184174558
AA458,AA458@teste.com.br,89174706616,4349653469
AA459,AA459@teste.com.br,98115917257,3389693073
AA460,AA460@teste.com.br,88222312286,4064853879
AA461,AA461@teste.com.br,62958238741,3737169347
AA462,AA462@teste.com.br,51948173808,3657567741
AA463,AA463@teste.com.br,98572831444,4135342369
AA464,AA464@teste.com.br,21502790106,3993681039
AA465,AA465@teste.com.br,93544505800,4299291189
AA466,AA466@teste.com.br,64385228485,3510948360
AA467,AA467@teste.com.br,75033531980,3387802072
AA468,AA468@teste.com.br,03072856265,3579615323
AA469,AA469@teste.com.br,05369091803,3379258002
AA470,AA470@teste.com.br,81627439790,4276014632
AA471,AA471@teste.com.br,10346666147,4103886913
AA472,AA472@teste.com.br,24634515725,3372457562
AA473,AA473@teste.com.br,95930126992,4293694733
AA474,AA474@teste.com.br,35639606665,4164365878
AA475,AA475@teste.com.br,85271304914,4429355853
AA476,AA476@teste.com.br,61471213242,3789844142
AA477,AA477@teste.com.br,62876183293,3365067613
AA478,AA478@teste.com.br,83557944190,3584545952
AA479,AA479@teste.com.br,06738970102,3900579005
AA480,AA480@teste.com.br,42204791040,3346725814
AA481,AA481@teste.com.br,05907526858,4309622594
AA482,AA482@teste.com.br,42211766013,4167720998
AA483,AA483@teste.com.br,97986991810,3478006890
AA484,AA484@teste.com.br,93112545419,4091944062
AA485,AA485@teste.com.br,41470715708,3517924416
AA486,AA486@teste.com.br,57636985411,4441165330
AA487,AA487@teste.com.br,97980892356,3472999118
AA488,AA488@teste.com.br,08307245168,3413443225
AA489,AA489@teste.com.br,71944670386,3667737362
AA490,AA490@teste.com.br,29363501825,3516154725
AA491,AA491@teste.com.br,09505394063,3436753969
AA492,AA492@teste.com.br,51141195160,3713600590
AA493,AA493@teste.com.br,78396955239,3699803996
AA494,AA494@teste.com.br,93999478586,3920241299
AA495,AA495@teste.com.br,63148011171,3478255752
AA496,AA496@teste.com.br,36131088365,4167174957
AA497,AA497@teste.com.br,64790004040,4089122698
AA498,AA498@teste.com.br,50738142077,3852807603
AA499,AA499@teste.com.br,00198606257,3956364474
AA500,AA500@teste.com.br,55549755858,3696449869