cpf,rg,email
84114314601,429434121,zkxswahj@clrmail.com
78234951980,911225341,echandra.jbnp@terminate.tech
95171608105,418757896,9te.kimchhunnyp@4rfv6qn1jwvl.ga
68116553569,464172536,bnafaa.nafaa.90u@yb45tyvn8945.tk
34394228107,114959602,xbadassalexiar@dbawgrvxewgn3.ga
21810764300,283110727,8tanim@hactzayvgqfhpd.ml
43117768297,324153995,xoussema.boudabo7@zexeet9i5l49ocke.ml
35837074864,240681228,maysr@annazahra.cf
27662949702,314062142,cmoza.ana.9883@67azck3y6zgtxfoybdm.tk
87208744645,353127504,oiqra@ixvfhtq1f3uuadlas.ga
78126366745,149037028,mhamzaanoche5@8t0sznngp6aowxsrj.cf
69968600245,407970447,qhacker.alanimos@qbqbtf4trnycocdg4c.gq
92676947583,356054718,zalex_or103@ok-body.pw
66674466190,109176297,nfarooq.bakhsh6@smirusn6t7.tk
63515913505,307563339,jsmartaashus@vaik.tk
88013714624,232602451,jelrayk.mahmoud.t@7bhtm0suwklftwx7.tk
55625693374,328609687,idma.brcb@qtpxsvwifkc.ml
45067086602,460460729,efiesta@feaethplrsmel.tk
58628158723,457590452,wriyadh.crazy.07@8imefdzddci.tk
78385359567,501714145,pomer.esma@yq6iki8l5xa.gq
24475775590,184341802,9ali.adnan141@jakjtavvtva8ob2.cf
14740185806,446359002,wblackiss9@janganjadiabu6.tk
23665364299,497324271,tissa_irty@itoxwehnbpwgr.gq
72376423406,395973545,zantoni@zilmail.ml
21445094410,373665106,8lancs.trading.7s@lzcxssxirzj.ml
38186451757,149650085,lradwan.s@jptb2motzaoa30nsxjb.tk
89107575742,252160368,nghouloussama98b@dma2x7s5w96nw5soo.tk
18376640488,384557594,lmimou6620108@keykeykelynsss.cf
67227318044,228208002,5twil.dze@jtkgatwunk.tk
48136437874,100325294,tozil.ezelo@8usmwuqxh1s1pw.gq
67744746759,131212539,xziyad.kamal.71@lwmaxkyo3a.cf
69355341512,481619938,ynew_pie710@nanofielznan3s5bsvp.ga
44850397735,165143915,chmada_love2300e@kzq6zi1o09d.cf
45666869302,488808601,scristianoma@ofth3crumrhuw.tk
59778894027,173577477,xreinhard.grothoo@abigail11halligan.ga
46230392500,417511978,pharonahmed@fusixgasvv1gbjrbc.tk
18835225361,356001179,6youssery.99e@nmxjvsbhnli6dyllex.ga
23374768555,402624385,ghiisto@avuimkgtbgccejft901.gq
76257828406,380296731,2mwwsru@qzvbxqe5dx.ml
49802955507,427075117,3moh@orange-bonplan.com
11728625599,405986063,rkyaw.hein.14@gmx1mail.top
33759890245,398950714,fayek.halasehk@personalcok.cf
72792751509,174597514,fyoussef.mano.56@smaretboy.pw
32968751409,116442669,6fateh.do@ruafdulw9otmsknf.tk
46582820206,129869739,0said_majdi00075@raimuwedos.ga
61605163708,1234567607,parasite@outlook.com
87321776077,1234567523,doche@aol.com
17291803454,1234567700,frederic@msn.com
37586559430,1234567716,airship@gmail.com
46187548507,1234567782,gamma@yahoo.ca
94664629540,1234567660,valdez@optonline.net
58751481014,1234567739,isotopian@msn.com
66342021171,1234567797,carreras@yahoo.com
13708517318,1234567630,reziac@aol.com
44121866363,1234567864,pontipak@me.com
09637668560,1234567706,heidrich@live.com
54065197600,1234567495,lridener@aol.com
75007381373,1234567641,jusdisgi@msn.com
24816881557,1234567740,ninenine@sbcglobal.net
74138821830,1234567875,lipeng@hotmail.com
60549955704,1234567672,manuals@att.net
30835968715,1234567693,gavinls@gmail.com
16938457093,1234567753,michiel@me.com
10094309558,1234567539,mkearl@comcast.net
55182687184,1234567632,dgriffith@me.com
69707520701,1234567826,cyrus@yahoo.com
67977925176,1234567595,zwood@mac.com
24872984560,1234567801,openldap@sbcglobal.net
87479698577,1234567591,gtaylor@live.com
07375213259,1234567781,dowdy@hotmail.com
85079402695,1234567821,nweaver@msn.com
05113183911,1234567565,csilvers@verizon.net
93288718596,1234567566,noahb@outlook.com
31537463110,1234567647,heine@sbcglobal.net
28032906002,1234567559,matloff@comcast.net
48652167583,1234567662,timlinux@att.net
37809277561,1234567805,cliffski@live.com
32085480365,1234567645,mdielmann@comcast.net
56840704009,1234567626,mkearl@msn.com
22460034903,1234567574,augusto@hotmail.com
81389399150,1234567809,jbailie@msn.com
16697138815,1234567705,mcraigw@optonline.net
44941378393,1234567556,rohitm@att.net
69720857803,1234567640,giafly@outlook.com
87572585469,1234567491,jaffe@optonline.net
04369904820,1234567758,sabren@hotmail.com
41302619241,1234567853,ninenine@outlook.com
59199292270,1234567604,hyper@mac.com
71225663318,1234567611,larry@mac.com
73718025434,1234567635,tbmaddux@msn.com
66552044887,1234567885,hoyer@att.net
65487895988,1234567522,smallpaul@outlook.com
13676409035,1234567609,kingma@msn.com
55881779673,1234567770,arachne@verizon.net
38015286930,1234567624,jdhildeb@yahoo.ca
63285136316,1234567587,garland@hotmail.com
16805085470,1234567512,mthurn@me.com
79566461208,1234567617,bhima@att.net
85296312503,1234567530,miturria@yahoo.com
36768555405,1234567709,bancboy@sbcglobal.net
77090268268,1234567634,redingtn@icloud.com
92584604051,1234567679,marnanel@comcast.net
91024333035,1234567519,aglassis@yahoo.com
40729268764,1234567704,afeldspar@outlook.com
51711414107,1234567822,pkilab@aol.com
28921254056,1234567838,hstiles@yahoo.com
46399651506,1234567837,alastair@me.com
33400441635,1234567860,aibrahim@me.com
20802600301,1234567865,rattenbt@gmail.com
11913963128,1234567581,violinhi@msn.com
77706862887,1234567839,njpayne@hotmail.com
44774229202,1234567505,thaljef@msn.com
34109111978,1234567786,metzzo@gmail.com
82245820436,1234567663,samavati@yahoo.ca
29295612388,1234567691,bryam@optonline.net
00954037952,1234567533,luebke@optonline.net
69681126980,1234567620,pontipak@gmail.com
06641651924,1234567496,conteb@mac.com
14660097803,1234567857,eimear@comcast.net
54048638386,1234567569,hling@live.com
83490874803,1234567621,rsteiner@optonline.net
18497947827,1234567659,petersen@comcast.net
97282492336,1234567772,frederic@me.com
11464693226,1234567650,bcevc@icloud.com
62639852329,1234567508,campware@icloud.com
88028994954,1234567729,jorgb@verizon.net
87495403519,1234567608,portele@yahoo.com
29042971037,1234567665,miturria@yahoo.ca
92729350675,1234567834,dbrobins@optonline.net
47043407591,1234567852,rhavyn@hotmail.com
44616348413,1234567589,uqmcolyv@mac.com
33785428022,1234567543,pemungkah@verizon.net
11876125616,1234567594,rmcfarla@msn.com
19575834950,1234567697,grinder@optonline.net
93408902720,1234567537,esokullu@me.com
71635501709,1234567747,mavilar@optonline.net
47259632321,1234567671,catalog@sbcglobal.net
73261247444,1234567619,ilyaz@live.com
60943231140,1234567874,kempsonc@verizon.net
45360371285,1234567711,kidehen@msn.com
82390718728,1234567761,dprice@outlook.com
65411200482,1234567858,rnewman@live.com
09312615548,1234567542,bryam@me.com
68991945031,1234567661,dvdotnet@sbcglobal.net
58366744507,1234567742,hwestiii@gmail.com
85974492927,1234567614,afeldspar@outlook.com
49966960015,1234567836,mwandel@yahoo.com
12838324101,1234567541,cliffski@att.net
66723062779,1234567873,kspiteri@att.net
40708262970,1234567625,bartlett@att.net
09722620592,1234567727,claypool@aol.com
83570933881,1234567796,multiplx@optonline.net
91520357788,1234567649,rhialto@live.com
65002700535,1234567509,raides@yahoo.ca
00014800578,1234567551,iapetus@yahoo.ca
62555940170,1234567605,rsmartin@hotmail.com
88711443413,1234567682,mirod@optonline.net
50028577876,1234567692,north@live.com
36968008645,1234567735,staffelb@icloud.com
44175642803,1234567870,clkao@comcast.net
14997502421,1234567658,tedrlord@me.com
57083328323,1234567510,rattenbt@yahoo.com
43821230975,1234567856,esbeck@hotmail.com
42732350729,1234567769,jdhedden@icloud.com
03546522303,1234567610,unreal@comcast.net
78461819047,1234567886,gastown@gmail.com
04740452502,1234567785,grossman@me.com
57484532401,1234567807,cumarana@mac.com
59064887071,1234567654,helger@hotmail.com
17193026771,1234567669,naupa@outlook.com
76614466690,1234567881,wkrebs@aol.com
01061476847,1234567806,garyjb@att.net
62568796359,1234567560,papathan@live.com
90731949463,1234567557,mastinfo@yahoo.ca
57255506054,1234567884,jfinke@optonline.net
31059654830,1234567540,grinder@att.net
24702329456,1234567854,alastair@comcast.net
06514717101,1234567490,eidac@verizon.net
93482661367,1234567694,benits@yahoo.com
84688595166,1234567664,gtaylor@me.com
36044428699,1234567531,scottzed@gmail.com
26263715995,1234567628,mstrout@sbcglobal.net
14933050422,1234567825,mlewan@sbcglobal.net
37402933300,1234567644,violinhi@msn.com
45746432008,1234567757,henkp@mac.com
73611063401,1234567529,sakusha@yahoo.ca
96448542175,1234567502,ryanvm@me.com
75258658929,1234567802,fglock@mac.com
70596524692,1234567598,stern@hotmail.com
70201326507,1234567639,ardagna@verizon.net
73202736833,1234567599,karasik@yahoo.com
35476577335,1234567651,north@hotmail.com
52304390099,1234567766,netsfr@icloud.com
11027751938,1234567616,vmalik@mac.com
23447006412,1234567738,moonlapse@att.net
87141827773,1234567686,gamma@hotmail.com
55393686730,1234567516,suresh@live.com
74706255503,1234567506,grossman@mac.com
53806119660,1234567868,biglou@yahoo.ca
27783157483,1234567578,philen@comcast.net
63770226038,1234567746,danneng@outlook.com
66086161046,1234567759,boftx@optonline.net
61648583725,1234567603,krueger@yahoo.com
28352230883,1234567790,dmbkiwi@yahoo.com
79348178431,1234567633,russotto@outlook.com
49986102014,1234567515,tmaek@yahoo.ca
28384996296,1234567596,plover@mac.com
06681492304,1234567728,balchen@icloud.com
33215218224,1234567613,arachne@gmail.com
80674633369,1234567580,mmccool@mac.com
88882983633,1234567744,eurohack@comcast.net
62535342111,1234567489,dougj@mac.com
02782271555,1234567494,rbarreira@yahoo.ca
63739951516,1234567511,dinther@icloud.com
35777977545,1234567528,aardo@live.com
41927672953,1234567752,tjensen@optonline.net
00232724733,1234567558,dpitts@comcast.net
25837299343,1234567637,unreal@sbcglobal.net
23070754880,1234567795,crandall@comcast.net
01275134262,1234567707,bjoern@yahoo.com
43947861265,1234567878,dartlife@hotmail.com
61512940682,1234567887,adillon@hotmail.com
83521746909,1234567751,sabren@yahoo.com
28577634507,1234567503,ijackson@outlook.com
03397929148,1234567762,kayvonf@aol.com
41847153623,1234567717,weazelman@msn.com
50609307770,1234567733,meinkej@verizon.net
43775215190,1234567880,seano@optonline.net
39786737032,1234567713,kspiteri@mac.com
08364446800,1234567655,tellis@icloud.com
09503496667,1234567702,sbmrjbr@yahoo.com
08086103250,1234567879,studyabr@hotmail.com
88381155320,1234567798,eidac@yahoo.ca
11053368402,1234567846,flavell@aol.com
41106168160,1234567763,hauma@verizon.net
24337790900,1234567708,konit@comcast.net
18332333954,1234567583,webdragon@aol.com
74505519937,1234567831,crobles@icloud.com
85946632426,1234567498,webdragon@yahoo.com
41694599973,1234567685,mcast@optonline.net
83056302773,1234567714,jeteve@outlook.com
94703692201,1234567681,fraterk@yahoo.ca
51714302415,1234567615,paley@verizon.net
54214482905,1234567720,cantu@me.com
68105427010,1234567861,bescoto@sbcglobal.net
83843586055,1234567586,gravyface@att.net
13175118321,1234567674,djupedal@yahoo.ca
27379207873,1234567816,scarlet@outlook.com
79767388605,1234567828,jespley@comcast.net
33037772840,1234567721,jpflip@gmail.com
66032725804,1234567820,quinn@gmail.com
83763102248,1234567765,jgmyers@icloud.com
29346647400,1234567712,peoplesr@live.com
47661936100,1234567601,seebs@gmail.com
63257046901,1234567666,rwelty@att.net
99946141779,1234567593,zeitlin@aol.com
03089913380,1234567777,dbanarse@mac.com
16478728129,1234567811,madler@sbcglobal.net
37042676866,1234567736,haddawy@sbcglobal.net
24167783908,1234567684,curly@mac.com
66283783651,1234567689,ubergeeb@yahoo.ca
99076185514,1234567618,metzzo@live.com
65319014201,1234567835,heckerman@outlook.com
49546990027,1234567784,overbom@att.net
36313286480,1234567554,munson@live.com
43207020933,1234567590,mfleming@yahoo.com
10884469654,1234567642,mgemmons@att.net
91377176002,1234567631,campbell@att.net
94781721150,1234567756,esbeck@optonline.net
91713635135,1234567545,seemant@live.com
22695838760,1234567612,panolex@verizon.net
94986118072,1234567715,smartfart@me.com
39962714508,1234567748,speeves@yahoo.ca
08009179019,1234567606,pdbaby@yahoo.ca
69426659080,1234567869,claesjac@aol.com
75639812095,1234567646,rsteiner@gmail.com
18025557146,1234567667,hamilton@gmail.com
22852734958,1234567814,jimmichie@yahoo.com
38129374684,1234567564,gfody@yahoo.ca
61785840320,1234567847,tubesteak@live.com
63689833299,1234567638,janneh@aol.com
43814753992,1234567743,mobileip@comcast.net
56487622400,1234567622,bolow@gmail.com
62620074665,1234567773,unreal@icloud.com
84929641543,1234567687,claypool@mac.com
89330685897,1234567710,imightb@live.com
97600887703,1234567787,drezet@mac.com
34960566221,1234567734,jamuir@live.com
88744047002,1234567538,zeitlin@live.com
38417987800,1234567678,gmcgath@comcast.net
19003198888,1234567794,gumpish@msn.com
47460645044,1234567872,eidac@me.com
39367602170,1234567722,feamster@yahoo.ca
59266335320,1234567561,dbanarse@verizon.net
55282647664,1234567677,wbarker@att.net
78012911825,1234567555,madler@me.com
55591116868,1234567513,kramulous@optonline.net
66407972329,1234567535,mleary@mac.com
52949016170,1234567597,jelmer@me.com
73559982006,1234567526,gator@comcast.net
64276708087,1234567755,chunzi@comcast.net
12525334973,1234567546,phyruxus@hotmail.com
37374772130,1234567695,isorashi@yahoo.ca
86168541500,1234567579,bartlett@gmail.com
03511136652,1234567815,melnik@yahoo.com
94976793354,1234567862,sarahs@optonline.net
04711756418,1234567544,lstaf@sbcglobal.net
57570961366,1234567668,dodong@hotmail.com
64034677007,1234567750,mrdvt@yahoo.com
49830692400,1234567572,mhassel@hotmail.com
80319019969,1234567576,gator@yahoo.com
96745733218,1234567882,panolex@msn.com
48056013377,1234567514,pjacklam@outlook.com
09269206343,1234567680,twoflower@yahoo.ca
25875157267,1234567563,syncnine@comcast.net
68281004762,1234567871,aschmitz@msn.com
96329645515,1234567840,slaff@hotmail.com
64654657100,1234567656,hyper@gmail.com
08452458215,1234567723,mastinfo@verizon.net
80944330436,1234567600,jsmith@yahoo.com
33486858777,1234567675,wkrebs@mac.com
01170495907,1234567643,aardo@me.com
52358022098,1234567823,penna@aol.com
94150847827,1234567851,dhrakar@live.com
33548909167,1234567584,formis@optonline.net
73912917221,1234567497,manuals@att.net
94397694400,1234567577,report@att.net
58233470147,1234567648,singh@hotmail.com
95009738635,1234567676,parksh@sbcglobal.net
02789972524,1234567788,bryam@hotmail.com
43301521185,1234567780,heckerman@yahoo.com
87042469852,1234567783,drezet@comcast.net
75014578080,1234567792,philen@aol.com
17131026417,1234567568,tokuhirom@sbcglobal.net
94841741755,1234567726,cgreuter@hotmail.com
43081750970,1234567866,psharpe@live.com
87036075503,1234567548,trieuvan@mac.com
62411270399,1234567501,dawnsong@outlook.com
56538434908,1234567813,stevelim@optonline.net
01906533539,1234567741,aprakash@live.com
46837963929,1234567571,jamuir@live.com
45413509120,1234567521,floxy@icloud.com
87212603465,1234567830,dwendlan@live.com
16158882925,1234567627,ramollin@outlook.com
53494542422,1234567549,dmath@outlook.com
16528203024,1234567731,noneme@me.com
36696075526,1234567527,bmidd@att.net
17584394752,1234567850,sisyphus@me.com
82985520240,1234567492,carcus@live.com
64392624838,1234567793,mrdvt@att.net
28991121209,1234567698,lauronen@optonline.net
40371137918,1234567808,madanm@comcast.net
59549396916,1234567771,joglo@live.com
15488715088,1234567504,josem@mac.com
55191057155,1234567553,isorashi@verizon.net
07122701751,1234567829,jsnover@yahoo.com
58345635385,1234567764,nichoj@verizon.net
65937037456,1234567778,magusnet@mac.com
34931326110,1234567629,djpig@outlook.com
68299636809,1234567799,konit@sbcglobal.net
61550887726,1234567673,wbarker@verizon.net
89949880254,1234567701,attwood@att.net
89162609068,1234567520,cliffordj@live.com
57590635375,1234567859,wenzlaff@aol.com
85107549772,1234567841,boser@att.net
56042817191,1234567570,mmccool@live.com
55832082958,1234567493,gregh@me.com
17748930104,1234567789,bjornk@comcast.net
56651272489,1234567652,sburke@verizon.net
02134181931,1234567818,mugwump@aol.com
18405756205,1234567824,seanq@att.net
60859723690,1234567832,lridener@aol.com
95057504126,1234567803,seebs@optonline.net
22943588563,1234567623,floxy@hotmail.com
26330312931,1234567703,greear@msn.com
42002465118,1234567487,danneng@msn.com
38059827200,1234567562,forsberg@yahoo.ca
17842153760,1234567800,mfburgo@aol.com
55787862864,1234567582,loscar@mac.com
04653772118,1234567507,dhwon@yahoo.ca
71503753913,1234567573,boein@optonline.net
46368342676,1234567845,policies@optonline.net
16760599705,1234567653,sarahs@outlook.com
94335229666,1234567849,sabren@me.com
03343845590,1234567754,jdhildeb@icloud.com
14883443299,1234567588,overbom@icloud.com
79885141138,1234567534,tsuruta@icloud.com
06409118546,1234567602,gordonjcp@mac.com
15297300312,1234567804,amaranth@comcast.net
17135993250,1234567690,dwheeler@mac.com
36590968063,1234567488,citizenl@icloud.com
19264242554,1234567812,dialworld@gmail.com
68878235199,1234567699,ullman@att.net
82336602644,1234567749,augusto@yahoo.com
74825923771,1234567768,uraeus@msn.com
41676521100,1234567730,ryanshaw@comcast.net
33497564842,1234567683,garland@gmail.com
76746095452,1234567810,bwcarty@icloud.com
31436493056,1234567719,maradine@msn.com
37487554228,1234567819,ribet@hotmail.com
46173798948,1234567844,pappp@icloud.com
83995116680,1234567688,tubesteak@comcast.net
19980247509,1234567791,epeeist@gmail.com
66408945562,1234567575,skythe@att.net
51684785731,1234567636,floxy@outlook.com
71620858495,1234567767,unreal@gmail.com
21755634803,1234567696,gator@yahoo.com
81850138532,1234567524,corrada@msn.com
72445421519,1234567724,jnolan@mac.com
29317632769,1234567775,rtanter@yahoo.ca
43829971605,1234567732,yxing@yahoo.com
42933477718,1234567843,rogerspl@comcast.net
71891975080,1234567500,muadip@msn.com
61242180974,1234567585,grady@mac.com
48998642484,1234567883,kalpol@verizon.net
22508123900,1234567518,webteam@comcast.net
74045826521,1234567536,webinc@yahoo.ca
46259341253,1234567567,durist@aol.com
59775728088,1234567779,konit@outlook.com
86442905845,1234567863,rhialto@yahoo.com
59304006104,1234567592,uncle@mac.com
18437195098,1234567718,yfreund@msn.com
08824421555,1234567842,meder@gmail.com
61790694418,1234567499,mosses@verizon.net
44701735175,1234567670,pgolle@me.com
15852344192,1234567737,saridder@yahoo.ca
90300704631,1234567888,breegster@yahoo.ca
27199345500,1234567725,durist@yahoo.com
52737901405,1234567817,violinhi@me.com
96002441115,1234567877,moxfulder@yahoo.com
33563920770,1234567552,netsfr@gmail.com
47181891448,1234567547,paulv@hotmail.com
74612148100,1234567760,kingma@gmail.com
05922386875,1234567525,gtewari@mac.com
02155548419,1234567833,doormat@comcast.net
39060281004,1234567876,isorashi@mac.com
72561829103,1234567774,pgolle@mac.com
76880579906,1234567657,munson@gmail.com
06809084550,1234567855,euice@aol.com
52742270663,1234567517,tattooman@sbcglobal.net
51868147509,1234567848,boser@yahoo.ca
69699442476,1234567776,mcnihil@att.net
59428607347,1234567827,torgox@att.net
88201854403,1234567532,aegreene@live.com
64537720786,1234567550,atmarks@optonline.net
